{
  "HomePage" : {
    "transaction" : "HomePage",
    "sampleCount" : 20,
    "errorCount" : 0,
    "errorPct" : 0.0,
    "meanResTime" : 3492.3,
    "medianResTime" : 3434.5,
    "minResTime" : 1732.0,
    "maxResTime" : 5754.0,
    "pct1ResTime" : 5543.100000000001,
    "pct2ResTime" : 5746.75,
    "pct3ResTime" : 5754.0,
    "throughput" : 3.0202355783751136,
    "receivedKBytesPerSec" : 557.5018640516461,
    "sentKBytesPerSec" : 0.3450855104198127
  },
  "Total" : {
    "transaction" : "Total",
    "sampleCount" : 60,
    "errorCount" : 0,
    "errorPct" : 0.0,
    "meanResTime" : 1703.1666666666665,
    "medianResTime" : 987.0,
    "minResTime" : 310.0,
    "maxResTime" : 5754.0,
    "pct1ResTime" : 4593.3,
    "pct2ResTime" : 4946.25,
    "pct3ResTime" : 5754.0,
    "throughput" : 6.566706796541534,
    "receivedKBytesPerSec" : 868.1177834628434,
    "sentKBytesPerSec" : 0.7802239520630403
  },
  "ContactPage" : {
    "transaction" : "ContactPage",
    "sampleCount" : 20,
    "errorCount" : 0,
    "errorPct" : 0.0,
    "meanResTime" : 662.4000000000001,
    "medianResTime" : 668.5,
    "minResTime" : 310.0,
    "maxResTime" : 1007.0,
    "pct1ResTime" : 942.1000000000001,
    "pct2ResTime" : 1003.9499999999999,
    "pct3ResTime" : 1007.0,
    "throughput" : 3.673769287288758,
    "receivedKBytesPerSec" : 275.75513179647317,
    "sentKBytesPerSec" : 0.448458164952241
  },
  "AboutPage" : {
    "transaction" : "AboutPage",
    "sampleCount" : 20,
    "errorCount" : 0,
    "errorPct" : 0.0,
    "meanResTime" : 954.7999999999998,
    "medianResTime" : 953.0,
    "minResTime" : 512.0,
    "maxResTime" : 1506.0,
    "pct1ResTime" : 1271.0,
    "pct2ResTime" : 1494.4499999999998,
    "pct3ResTime" : 1506.0,
    "throughput" : 3.1191515907673115,
    "receivedKBytesPerSec" : 427.1684195648784,
    "sentKBytesPerSec" : 0.3746637164691204
  }
}